Model,N,SHD,Time
PC,20,31.0,0.042893171310424805
LiNGAM,20,51.0,0.23371601104736328
NOTEARS,20,32.0,0.7151319980621338
ISD-CP,20,33.0,1.4094769954681396
PC,20,31.0,0.02159595489501953
LiNGAM,20,51.0,0.22398805618286133
NOTEARS,20,32.0,0.016197919845581055
ISD-CP,20,33.0,1.1439931392669678
PC,20,31.0,0.020730018615722656
LiNGAM,20,51.0,0.22283196449279785
NOTEARS,20,32.0,0.016024112701416016
ISD-CP,20,33.0,1.1427359580993652
