Model,N,Graph,Time_Struct,Time_Delta,SHD,F1,SID,AUROC,MAE,MSE,RMSE,R2
ISD-CP,20,1.0,6.67572021484375e-06,76.72157231966655,33.333333333333336,0.05673758865248227,220.33333333333334,0.6396017905198669,29.96203,8393.69,91.581665,-0.015635112921396892
NOTEARS_Ridge,20,1.0,0.12235275904337566,0.005493958791097005,33.666666666666664,0.2010789840577075,220.66666666666666,0.5616595844467599,11.205059,1489.6686,38.508205,0.8178365727265676
PC_Ridge,20,1.0,0.06480932235717773,0.013165712356567383,33.666666666666664,0.30653869776054415,220.66666666666666,0.6052833911803227,17.890533,2756.9883,52.33571,0.6664139330387115
TabPFN_Proxy,20,1.0,1.1554593245188396,0.0012621879577636719,33.666666666666664,0.25759734093067427,220.66666666666666,0.6296616935582318,27.99073,8685.524,93.17368,-0.05156954129536947
