Model,N,Graph,Time_Struct,Time_Delta,SHD,F1,SID,AUROC,MAE,MSE,RMSE,R2
ISD-CP,20,1.0,1.430511474609375e-06,27.753673315048218,33.333333333333336,0.05673758865248227,220.33333333333334,0.6396017905198669,6.7718586921691895,284.1744155883789,15.70408010482788,-0.5682482322057089
NOTEARS,20,1.0,0.08748682339986165,0.0005482832590738932,33.666666666666664,0.2010789840577075,220.66666666666666,0.5616595844467599,,,,
NOTEARS_Ridge,20,1.0,0.08744382858276367,0.004972298940022786,33.666666666666664,0.2010789840577075,220.66666666666666,0.5616595844467599,4.132921655972798,233.4584903717041,13.557823340098063,0.01841123898824056
Oracle,20,1.0,5.451838175455729e-05,0.0006587505340576172,33.666666666666664,1.0,220.66666666666666,1.0,0.0,0.0,0.0,1.0
PC,20,1.0,0.031869729359944664,0.0005988279978434244,33.666666666666664,0.30653869776054415,220.66666666666666,0.6052833911803227,,,,
PC_Ridge,20,1.0,0.03531185785929362,0.009637673695882162,33.666666666666664,0.30653869776054415,220.66666666666666,0.6052833911803227,4.202157537142436,233.65317916870117,13.565186023712158,0.016107757886250813
TabPFN,20,1.0,2.0662943522135415e-06,0.0007351239522298177,,,,,4.5586661497751875,238.55659103393555,13.775933265686035,-0.03727447986602783
TabPFN_Proxy,20,1.0,1.0284794966379802,0.001207272211710612,33.666666666666664,0.25759734093067427,220.66666666666666,0.6296616935582318,4.5586661497751875,238.55659103393555,13.775933265686035,-0.03727447986602783
