Model,N,Graph,Time_Struct,Time_Delta,SHD,F1,SID,AUROC,MAE,MSE,RMSE,R2
ISD-CP,20,2.0,3.1948089599609376e-06,61.36602292060852,34.4,0.05058134262030436,209.4,0.6349343979441479,9.67688,489.82462,21.094221,-0.16224337816238404
NOTEARS_Ridge,20,2.0,0.27530970573425295,0.012626457214355468,34.4,0.19799963629750864,210.0,0.5592583662868359,5.435981,395.70963,18.575863,0.14914511442184447
PC_Ridge,20,2.0,0.08453183174133301,0.02143831253051758,34.4,0.29820893294204076,210.0,0.6001777454145345,6.0732765,419.79303,19.391129,0.01992964744567871
TabPFN_Proxy,20,2.0,1.1709425449371338,0.0012764453887939454,34.4,0.25832344531400037,210.0,0.62805351002157,7.195661,460.6998,20.352352,-0.045818209648132324
