Model,N,Graph,Time_Struct,Time_Delta,SHD,F1,SID,AUROC,MAE,MSE,RMSE,R2
ISD-CP,20,2.0,1.6689300537109375e-06,31.28785095214844,34.4,0.05058134262030436,209.4,0.6349343979441479,6.313459,226.50598,14.082866,-1.270325207710266
NOTEARS_Ridge,20,2.0,0.09440412521362304,0.005474376678466797,34.4,0.19799963629750864,210.0,0.5592583662868359,3.116076,157.48915,10.669146,0.05247961282730103
PC_Ridge,20,2.0,0.038422012329101564,0.00929865837097168,34.4,0.29820893294204076,210.0,0.6001777454145345,3.2086072,157.93927,10.698679,0.043589091300964354
TabPFN_Proxy,20,2.0,1.0943745136260987,0.0012906551361083984,34.4,0.25832344531400037,210.0,0.62805351002157,3.5573044,163.38455,10.991315,-0.03428468704223633
