N,SHD,SID,F1,AUROC,MAE,MSE,RMSE,R2,Time_s,Graph
10,9.0,37.666666666666664,0.0,0.6217449548033741,4.449604034423828,94.49574756622314,8.781227933035957,-4.260170936584473,0.025606102413601346,1.0
20,33.388888888888886,220.38888888888889,0.06836908823743104,0.6399792979939026,6.803214808305104,285.543387942844,15.132612731721666,-6.920470971200201,0.012465635935465494,1.0
30,82.92592592592592,640.4074074074074,0.150503657501171,0.6344612456176587,9.665057235293919,353.4824384053548,17.642826433534974,-9.401471243964302,0.01613438129425049,1.0
40,184.77777777777777,1317.9027777777778,0.19739900315269804,0.6444095553349724,15.665107534991371,1026.2582317988079,29.42032970322503,-0.28289080493979984,0.05368511544333564,1.0
50,257.3666666666667,2150.366666666667,0.1493155176628805,0.6328987106544534,14.000407976574367,916.628909640842,28.570803101857503,-0.9656066285239325,0.06977060900794135,1.0
